-BEGIN HEADER-,,,,,,,,,,,,,,,
NASA/POWER CERES/MERRA2 Native Resolution Climatology Climatologies ,,,,,,,,,,,,,,,
30-year Meteorological and Solar Monthly & Annual Climatologies (January 1990 - December 2019) ,,,,,,,,,,,,,,,
Location: Regional ,,,,,,,,,,,,,,,
Elevation from MERRA-2: Average for 0.5 x 0.625 degree lat/lon region = na meters,,,,,,,,,,,,,,,
The value for missing source data that cannot be computed or is outside of the sources availability range: -999 ,,,,,,,,,,,,,,,
Parameter(s): ,,,,,,,,,,,,,,,
T2M                 MERRA-2 Temperature at 2 Meters (C) ,,,,,,,,,,,,,,,
RH2M                MERRA-2 Relative Humidity at 2 Meters (%) ,,,,,,,,,,,,,,,
PRECTOTCORR         MERRA-2 Precipitation Corrected (mm/day) ,,,,,,,,,,,,,,,
PRECTOTCORR_SUM     MERRA-2 Precipitation Corrected Sum (mm) ,,,,,,,,,,,,,,,
-END HEADER-,,,,,,,,,,,,,,,
PARAMETER,LAT,LON,JAN,FEB,MAR,APR,MAY,JUN,JUL,AUG,SEP,OCT,NOV,DEC,ANN
T2M,36.75,-87.25,1.34,3.52,8.21,14.04,19.19,23.6,25.85,25.75,21.96,15.04,8.02,3.25,14.2
T2M,36.75,-87.75,1.35,3.58,8.37,14.24,19.41,23.85,26.07,25.98,22.17,15.22,8.15,3.27,14.36
T2M,36.75,-88.25,1.36,3.66,8.56,14.46,19.64,24.11,26.26,26.21,22.4,15.41,8.29,3.29,14.52
T2M,36.75,-88.75,1.31,3.64,8.53,14.34,19.48,23.89,25.94,26.05,22.31,15.31,8.15,3.15,14.39
T2M,36.75,-89.25,1.4,3.79,8.75,14.62,19.8,24.22,26.18,26.12,22.39,15.49,8.36,3.24,14.58
T2M,36.75,-89.75,1.38,3.82,8.81,14.64,19.8,24.22,26.18,25.95,22.18,15.39,8.33,3.18,14.54
T2M,36.75,-90.25,1.29,3.76,8.75,14.54,19.66,24.1,26.13,25.76,21.89,15.17,8.19,3.04,14.41
T2M,36.75,-90.75,1.14,3.59,8.57,14.33,19.44,23.94,26.13,25.68,21.64,14.93,8,2.84,14.24
T2M,36.75,-91.25,0.86,3.26,8.21,13.93,19.09,23.7,26.17,25.73,21.46,14.68,7.75,2.53,14
T2M,36.75,-91.75,0.53,2.95,7.87,13.57,18.79,23.53,26.16,25.78,21.39,14.48,7.49,2.2,13.78
T2M,37.25,-87.25,0.75,2.91,7.8,13.8,19.05,23.47,25.6,25.47,21.72,14.76,7.67,2.7,13.86
T2M,37.25,-87.75,0.71,2.93,7.89,13.92,19.17,23.63,25.72,25.63,21.86,14.88,7.73,2.66,13.94
T2M,37.25,-88.25,0.64,2.93,7.97,14,19.25,23.76,25.83,25.76,21.96,14.95,7.75,2.6,14
T2M,37.25,-88.75,0.56,2.89,7.95,13.93,19.17,23.69,25.75,25.69,21.89,14.88,7.67,2.49,13.93
T2M,37.25,-89.25,0.52,2.93,8.04,14.02,19.29,23.84,25.86,25.69,21.86,14.89,7.7,2.46,13.98
T2M,37.25,-89.75,0.4,2.84,7.95,13.91,19.18,23.76,25.84,25.57,21.63,14.73,7.58,2.32,13.86
T2M,37.25,-90.25,0.25,2.66,7.75,13.69,18.96,23.59,25.84,25.44,21.33,14.5,7.39,2.14,13.68
T2M,37.25,-90.75,0.08,2.45,7.5,13.41,18.7,23.39,25.86,25.34,21.05,14.26,7.2,1.93,13.48
T2M,37.25,-91.25,-0.13,2.23,7.23,13.11,18.43,23.14,25.75,25.26,20.84,14.03,6.98,1.68,13.26
T2M,37.25,-91.75,-0.32,2.08,7.06,12.91,18.26,22.99,25.63,25.2,20.76,13.89,6.85,1.47,13.12
T2M,37.75,-87.25,0.15,2.32,7.38,13.52,18.86,23.31,25.27,25.1,21.39,14.42,7.31,2.16,13.48
T2M,37.75,-87.75,0.09,2.34,7.45,13.6,18.93,23.43,25.37,25.18,21.44,14.5,7.33,2.11,13.53
T2M,37.75,-88.25,-0.02,2.3,7.46,13.6,18.94,23.5,25.47,25.28,21.49,14.53,7.31,2.03,13.54
T2M,37.75,-88.75,-0.17,2.21,7.42,13.55,18.9,23.5,25.51,25.27,21.44,14.48,7.23,1.91,13.49
T2M,37.75,-89.25,-0.26,2.19,7.43,13.54,18.9,23.54,25.55,25.26,21.36,14.42,7.18,1.83,13.46
T2M,37.75,-89.75,-0.4,2.07,7.3,13.39,18.77,23.47,25.62,25.25,21.21,14.29,7.05,1.68,13.36
T2M,37.75,-90.25,-0.54,1.88,7.07,13.15,18.55,23.33,25.72,25.24,20.98,14.11,6.89,1.51,13.21
T2M,37.75,-90.75,-0.67,1.69,6.82,12.88,18.31,23.15,25.76,25.17,20.72,13.91,6.74,1.35,13.04
T2M,37.75,-91.25,-0.77,1.6,6.7,12.72,18.15,22.94,25.57,25.01,20.56,13.74,6.64,1.22,12.89
T2M,37.75,-91.75,-0.8,1.63,6.72,12.72,18.17,22.97,25.6,25.05,20.57,13.72,6.66,1.19,12.9
T2M,38.25,-87.25,-0.56,1.65,6.84,13.1,18.54,23.06,24.91,24.65,20.93,13.99,6.85,1.55,13.01
T2M,38.25,-87.75,-0.61,1.7,6.94,13.2,18.65,23.2,25.01,24.67,20.94,14.06,6.88,1.52,13.07
T2M,38.25,-88.25,-0.72,1.67,6.95,13.21,18.67,23.28,25.15,24.79,20.99,14.1,6.87,1.46,13.09
T2M,38.25,-88.75,-0.89,1.57,6.9,13.16,18.64,23.3,25.24,24.85,20.99,14.08,6.79,1.35,13.05
T2M,38.25,-89.25,-0.96,1.56,6.92,13.16,18.65,23.35,25.33,24.92,20.97,14.07,6.79,1.3,13.06
T2M,38.25,-89.75,-1,1.52,6.9,13.12,18.62,23.39,25.52,25.06,20.97,14.05,6.74,1.23,13.06
T2M,38.25,-90.25,-1.05,1.44,6.8,13,18.52,23.35,25.69,25.17,20.9,13.99,6.69,1.15,13.03
T2M,38.25,-90.75,-1.12,1.33,6.66,12.84,18.37,23.25,25.76,25.17,20.76,13.86,6.62,1.07,12.94
T2M,38.25,-91.25,-1.21,1.24,6.55,12.69,18.23,23.12,25.68,25.07,20.61,13.7,6.53,0.99,12.82
T2M,38.25,-91.75,-1.27,1.22,6.57,12.68,18.26,23.25,25.9,25.24,20.69,13.7,6.53,0.95,12.87
T2M,38.75,-87.25,-1.34,0.92,6.2,12.55,18.12,22.72,24.54,24.18,20.43,13.49,6.32,0.88,12.47
T2M,38.75,-87.75,-1.42,0.96,6.3,12.66,18.23,22.84,24.61,24.15,20.42,13.53,6.33,0.86,12.51
T2M,38.75,-88.25,-1.55,0.9,6.31,12.66,18.25,22.9,24.72,24.24,20.45,13.55,6.3,0.8,12.52
T2M,38.75,-88.75,-1.68,0.83,6.28,12.63,18.25,22.94,24.86,24.38,20.5,13.59,6.26,0.73,12.52
T2M,38.75,-89.25,-1.73,0.83,6.32,12.66,18.3,23.03,24.99,24.49,20.52,13.62,6.28,0.7,12.56
T2M,38.75,-89.75,-1.74,0.84,6.37,12.7,18.34,23.13,25.24,24.68,20.59,13.66,6.29,0.66,12.62
T2M,38.75,-90.25,-1.75,0.83,6.39,12.7,18.35,23.22,25.5,24.91,20.67,13.67,6.29,0.63,12.67
T2M,38.75,-90.75,-1.79,0.76,6.34,12.63,18.29,23.24,25.67,25.04,20.66,13.61,6.26,0.58,12.67
T2M,38.75,-91.25,-1.9,0.62,6.2,12.45,18.12,23.11,25.61,24.96,20.48,13.42,6.15,0.49,12.53
T2M,38.75,-91.75,-2.02,0.52,6.14,12.36,18.09,23.22,25.81,25.14,20.55,13.4,6.09,0.38,12.53
T2M,39.25,-87.25,-2.15,0.14,5.5,11.93,17.62,22.3,24.15,23.74,19.99,12.98,5.74,0.21,11.9
T2M,39.25,-87.75,-2.26,0.15,5.6,12.03,17.74,22.45,24.31,23.83,20.04,13.02,5.73,0.18,11.96
T2M,39.25,-88.25,-2.41,0.08,5.6,12.03,17.77,22.53,24.46,23.93,20.07,13.03,5.68,0.1,11.96
T2M,39.25,-88.75,-2.48,0.06,5.61,12.05,17.8,22.52,24.43,23.91,20.06,13.09,5.71,0.07,11.96
T2M,39.25,-89.25,-2.51,0.07,5.68,12.11,17.88,22.63,24.61,24.06,20.12,13.15,5.75,0.05,12.02
T2M,39.25,-89.75,-2.52,0.08,5.76,12.18,17.95,22.78,24.88,24.28,20.22,13.2,5.78,0.03,12.11
T2M,39.25,-90.25,-2.54,0.09,5.82,12.24,18.01,22.93,25.17,24.54,20.33,13.23,5.79,0,12.19
T2M,39.25,-90.75,-2.56,0.04,5.82,12.23,18.01,23.01,25.37,24.73,20.37,13.21,5.77,-0.04,12.22
T2M,39.25,-91.25,-2.64,-0.08,5.72,12.1,17.89,22.93,25.33,24.7,20.22,13.07,5.68,-0.12,12.13
T2M,39.25,-91.75,-2.75,-0.2,5.63,11.98,17.8,22.93,25.38,24.74,20.19,13,5.59,-0.24,12.06
T2M,39.75,-87.25,-2.94,-0.61,4.83,11.3,17.12,21.87,23.73,23.25,19.52,12.48,5.18,-0.42,11.33
T2M,39.75,-87.75,-3.01,-0.6,4.94,11.42,17.26,22.06,23.98,23.46,19.65,12.56,5.19,-0.46,11.43
T2M,39.75,-88.25,-3.14,-0.66,4.96,11.45,17.33,22.17,24.15,23.59,19.68,12.58,5.16,-0.55,11.45
T2M,39.75,-88.75,-3.21,-0.67,4.99,11.49,17.38,22.16,24.07,23.51,19.63,12.62,5.2,-0.58,11.44
T2M,39.75,-89.25,-3.21,-0.62,5.11,11.61,17.51,22.34,24.32,23.73,19.77,12.72,5.28,-0.56,11.56
T2M,39.75,-89.75,-3.21,-0.59,5.21,11.73,17.62,22.53,24.63,23.99,19.91,12.8,5.33,-0.56,11.67
T2M,39.75,-90.25,-3.23,-0.6,5.27,11.79,17.69,22.68,24.89,24.23,20.01,12.83,5.34,-0.58,11.75
T2M,39.75,-90.75,-3.25,-0.64,5.29,11.8,17.7,22.77,25.07,24.39,20.04,12.82,5.32,-0.62,11.78
T2M,39.75,-91.25,-3.26,-0.7,5.29,11.78,17.7,22.81,25.15,24.48,20.01,12.77,5.28,-0.67,11.78
T2M,39.75,-91.75,-3.34,-0.8,5.21,11.67,17.59,22.75,25.12,24.43,19.9,12.66,5.17,-0.79,11.69
T2M,40.25,-87.25,-3.58,-1.26,4.25,10.74,16.7,21.55,23.38,22.8,19.07,12.06,4.75,-0.96,10.85
T2M,40.25,-87.75,-3.66,-1.27,4.35,10.84,16.81,21.68,23.54,22.95,19.16,12.12,4.75,-1.04,10.91
T2M,40.25,-88.25,-3.79,-1.33,4.36,10.87,16.87,21.74,23.65,23.04,19.16,12.13,4.71,-1.15,10.91
T2M,40.25,-88.75,-3.94,-1.41,4.36,10.89,16.91,21.79,23.71,23.07,19.14,12.11,4.68,-1.25,10.9
T2M,40.25,-89.25,-3.93,-1.34,4.5,11.06,17.09,22.02,24.04,23.4,19.36,12.25,4.77,-1.22,11.06
T2M,40.25,-89.75,-3.92,-1.29,4.65,11.23,17.26,22.28,24.42,23.75,19.58,12.37,4.84,-1.18,11.22
T2M,40.25,-90.25,-3.93,-1.3,4.7,11.29,17.32,22.43,24.65,23.95,19.65,12.4,4.84,-1.21,11.29
T2M,40.25,-90.75,-3.97,-1.36,4.69,11.28,17.32,22.49,24.75,24.03,19.63,12.35,4.79,-1.29,11.29
T2M,40.25,-91.25,-3.96,-1.37,4.74,11.34,17.41,22.65,24.97,24.21,19.71,12.37,4.78,-1.33,11.35
T2M,40.25,-91.75,-4.02,-1.47,4.67,11.23,17.3,22.59,24.95,24.17,19.6,12.25,4.65,-1.45,11.27
T2M,40.75,-87.25,-4.1,-1.83,3.71,10.16,16.26,21.28,23.21,22.59,18.82,11.78,4.42,-1.4,10.47
T2M,40.75,-87.75,-4.22,-1.87,3.8,10.26,16.35,21.37,23.31,22.68,18.85,11.79,4.38,-1.52,10.49
T2M,40.75,-88.25,-4.37,-1.93,3.85,10.34,16.44,21.45,23.41,22.75,18.84,11.77,4.34,-1.65,10.49
T2M,40.75,-88.75,-4.55,-2.03,3.83,10.36,16.5,21.51,23.48,22.79,18.8,11.72,4.27,-1.79,10.47
T2M,40.75,-89.25,-4.64,-2.04,3.91,10.49,16.64,21.7,23.77,23.09,18.98,11.78,4.27,-1.86,10.57
T2M,40.75,-89.75,-4.7,-2.06,3.97,10.59,16.75,21.88,24.03,23.34,19.1,11.83,4.26,-1.91,10.65
T2M,40.75,-90.25,-4.73,-2.08,4.01,10.66,16.82,22.02,24.23,23.51,19.16,11.83,4.23,-1.96,10.7
T2M,40.75,-90.75,-4.74,-2.09,4.04,10.7,16.88,22.16,24.4,23.65,19.2,11.83,4.2,-2.02,10.74
T2M,40.75,-91.25,-4.73,-2.09,4.11,10.79,17,22.36,24.65,23.83,19.3,11.88,4.19,-2.06,10.83
T2M,40.75,-91.75,-4.78,-2.18,4.07,10.73,16.95,22.35,24.69,23.8,19.23,11.8,4.08,-2.17,10.78
T2M,41.25,-87.25,-4.28,-2.28,3.08,9.28,15.36,20.67,23.02,22.45,18.62,11.61,4.31,-1.53,10.08
T2M,41.25,-87.75,-4.59,-2.38,3.21,9.49,15.6,20.87,23.14,22.52,18.63,11.55,4.15,-1.8,10.09
T2M,41.25,-88.25,-4.93,-2.51,3.32,9.74,15.91,21.11,23.25,22.57,18.58,11.44,3.96,-2.12,10.08
T2M,41.25,-88.75,-5.15,-2.63,3.31,9.8,16.04,21.22,23.29,22.59,18.52,11.34,3.84,-2.32,10.05
T2M,41.25,-89.25,-5.33,-2.72,3.33,9.9,16.16,21.36,23.45,22.75,18.59,11.33,3.78,-2.46,10.07
T2M,41.25,-89.75,-5.45,-2.8,3.32,9.95,16.24,21.47,23.6,22.89,18.62,11.31,3.7,-2.6,10.08
T2M,41.25,-90.25,-5.51,-2.83,3.35,10.02,16.34,21.62,23.8,23.06,18.69,11.31,3.65,-2.69,10.13
T2M,41.25,-90.75,-5.53,-2.82,3.41,10.12,16.46,21.82,24.03,23.25,18.78,11.34,3.62,-2.74,10.21
T2M,41.25,-91.25,-5.52,-2.81,3.45,10.2,16.55,21.97,24.2,23.36,18.85,11.36,3.58,-2.79,10.26
T2M,41.25,-91.75,-5.61,-2.93,3.4,10.15,16.5,21.96,24.21,23.28,18.77,11.29,3.47,-2.9,10.19
T2M,41.75,-87.25,-3.27,-2.04,2.34,7.57,12.99,18.75,22.27,22.2,18.62,11.93,5.06,-0.45,9.72
T2M,41.75,-87.75,-4.36,-2.6,2.46,8.15,13.93,19.57,22.66,22.3,18.48,11.52,4.35,-1.47,9.64
T2M,41.75,-88.25,-5.63,-3.27,2.58,8.87,15.14,20.6,23.03,22.33,18.21,10.97,3.46,-2.69,9.53
T2M,41.75,-88.75,-5.96,-3.46,2.58,8.98,15.32,20.66,22.84,22.12,17.98,10.76,3.22,-3.01,9.4
T2M,41.75,-89.25,-6.16,-3.57,2.61,9.13,15.52,20.83,22.98,22.24,18.04,10.75,3.15,-3.18,9.42
T2M,41.75,-89.75,-6.26,-3.6,2.67,9.27,15.7,21.03,23.18,22.42,18.13,10.78,3.12,-3.3,9.49
T2M,41.75,-90.25,-6.32,-3.62,2.71,9.38,15.83,21.21,23.37,22.58,18.21,10.79,3.06,-3.42,9.54
T2M,41.75,-90.75,-6.4,-3.66,2.71,9.44,15.9,21.33,23.5,22.68,18.25,10.77,2.97,-3.54,9.56
T2M,41.75,-91.25,-6.45,-3.71,2.69,9.47,15.94,21.4,23.54,22.68,18.25,10.73,2.88,-3.63,9.54
T2M,41.75,-91.75,-6.53,-3.76,2.67,9.48,15.96,21.44,23.57,22.64,18.21,10.69,2.81,-3.71,9.52
T2M,42.25,-87.25,-2.01,-1.45,1.83,5.9,10.4,16.49,21.36,21.94,18.76,12.37,5.91,0.79,9.41
T2M,42.25,-87.75,-3.96,-2.62,1.86,6.81,12.07,18.01,22.01,22.04,18.39,11.56,4.61,-1.03,9.2
T2M,42.25,-88.25,-6.31,-4.03,1.86,7.95,14.25,19.89,22.65,21.99,17.8,10.52,2.99,-3.24,8.92
T2M,42.25,-88.75,-6.83,-4.38,1.79,8.1,14.55,20.01,22.32,21.59,17.4,10.16,2.58,-3.75,8.69
T2M,42.25,-89.25,-7.02,-4.46,1.88,8.32,14.83,20.27,22.49,21.74,17.47,10.18,2.53,-3.94,8.75
T2M,42.25,-89.75,-7.15,-4.53,1.91,8.45,14.99,20.44,22.62,21.85,17.51,10.15,2.44,-4.1,8.78
T2M,42.25,-90.25,-7.24,-4.58,1.93,8.55,15.1,20.58,22.76,21.95,17.56,10.13,2.35,-4.25,8.8
T2M,42.25,-90.75,-7.34,-4.63,1.93,8.63,15.19,20.69,22.86,22,17.6,10.11,2.26,-4.38,8.81
T2M,42.25,-91.25,-7.45,-4.71,1.87,8.64,15.21,20.72,22.81,21.91,17.54,10.02,2.14,-4.51,8.74
T2M,42.25,-91.75,-7.49,-4.68,1.92,8.74,15.33,20.85,22.91,21.95,17.58,10.05,2.12,-4.55,8.79
,,,,,,,,,,,,,,,
RH2M,36.75,-87.25,85.07,84.13,81.93,79.46,80.39,78.78,74.46,68.46,67.15,70.57,77.06,84.43,77.63
RH2M,36.75,-87.75,84.65,83.6,81.33,78.9,79.84,78.27,73.97,67.85,66.6,70.21,76.86,84.11,77.15
RH2M,36.75,-88.25,84.13,82.93,80.66,78.4,79.41,77.88,73.79,67.52,66.19,69.91,76.66,83.75,76.74
RH2M,36.75,-88.75,83.77,82.56,80.7,78.99,80.48,79.36,75.69,68.03,65.74,69.46,76.75,83.71,77.09
RH2M,36.75,-89.25,82.96,81.62,79.82,77.93,79.42,78.33,75.28,68.53,65.95,69.05,76.04,82.92,76.47
RH2M,36.75,-89.75,82.36,80.83,79.12,77.32,79.22,78.31,75.46,69.69,67.03,69.49,76.03,82.51,76.44
RH2M,36.75,-90.25,81.96,80.33,78.58,76.88,79.23,78.44,75.41,70.57,68.26,70.34,76.39,82.37,76.56
RH2M,36.75,-90.75,82.03,80.45,78.53,76.78,79.3,78.39,74.66,70.48,69,71.15,76.92,82.58,76.68
RH2M,36.75,-91.25,83.06,81.72,79.62,77.6,79.82,78.45,73.11,69.04,68.66,71.46,77.56,83.34,76.93
RH2M,36.75,-91.75,84.01,82.61,80.42,78.36,80.25,78.33,71.99,67.86,68.13,71.66,78.16,84.01,77.12
RH2M,37.25,-87.25,84.92,83.9,81.5,79.08,80.17,79.12,75.49,69.32,67.26,70.57,77.12,84.43,77.71
RH2M,37.25,-87.75,84.39,83.21,80.96,78.74,79.98,78.94,75.36,68.93,66.78,70.16,76.88,84.05,77.34
RH2M,37.25,-88.25,83.97,82.63,80.47,78.47,79.92,78.8,75.24,68.63,66.5,69.97,76.81,83.79,77.08
RH2M,37.25,-88.75,83.77,82.34,80.24,78.44,80.12,79.02,75.52,68.65,66.18,69.63,76.79,83.73,77.02
RH2M,37.25,-89.25,83.33,81.73,79.69,77.92,79.76,78.58,75.4,69.15,66.52,69.73,76.6,83.38,76.8
RH2M,37.25,-89.75,83.18,81.5,79.54,77.73,79.76,78.54,75.22,69.68,67.3,70.16,76.81,83.25,76.88
RH2M,37.25,-90.25,83.19,81.58,79.55,77.56,79.65,78.33,74.28,69.61,67.93,70.51,77.05,83.29,76.86
RH2M,37.25,-90.75,83.38,81.93,79.71,77.48,79.48,78.06,72.92,69.02,68.24,70.76,77.29,83.48,76.79
RH2M,37.25,-91.25,83.84,82.5,80.28,77.96,79.79,78.52,72.5,68.62,68.47,71.29,77.8,83.91,77.1
RH2M,37.25,-91.75,84.26,82.8,80.56,78.24,80,78.75,72.48,68.52,68.55,71.61,78.12,84.22,77.31
RH2M,37.75,-87.25,84.55,83.19,80.64,78.44,79.76,79.21,76.49,70.38,67.65,70.69,77.14,84.22,77.68
RH2M,37.75,-87.75,83.98,82.4,80.07,78.11,79.64,79.04,76.38,70.29,67.46,70.28,76.81,83.78,77.34
RH2M,37.75,-88.25,83.7,81.98,79.74,77.89,79.61,78.84,75.92,69.84,67.12,69.96,76.63,83.54,77.05
RH2M,37.75,-88.75,83.59,81.77,79.48,77.66,79.53,78.62,75.66,69.84,67.09,69.91,76.68,83.41,76.92
RH2M,37.75,-89.25,83.31,81.37,79.13,77.41,79.53,78.55,75.66,70.21,67.43,70.2,76.77,83.26,76.89
RH2M,37.75,-89.75,83.28,81.37,79.17,77.37,79.57,78.36,74.84,69.88,67.55,70.28,76.99,83.29,76.82
RH2M,37.75,-90.25,83.41,81.67,79.39,77.28,79.35,77.81,73.06,68.91,67.51,70.17,77.03,83.36,76.56
RH2M,37.75,-90.75,83.55,82.02,79.62,77.16,79.01,77.33,71.37,68.01,67.54,70.13,76.95,83.42,76.32
RH2M,37.75,-91.25,83.55,82.01,79.74,77.3,79.15,78.06,72.03,68.53,68.06,70.68,77.19,83.48,76.62
RH2M,37.75,-91.75,83.79,82.16,79.85,77.33,79.15,78.21,72.05,68.73,68.42,71.16,77.43,83.59,76.8
RH2M,38.25,-87.25,84.51,82.7,79.95,77.89,79.35,79.06,77.03,71.43,68.37,71.07,77.31,84.18,77.72
RH2M,38.25,-87.75,83.85,81.77,79.21,77.37,79.05,78.81,77.05,71.84,68.62,70.82,76.95,83.62,77.4
RH2M,38.25,-88.25,83.54,81.36,78.81,77.02,78.85,78.47,76.37,71.26,68.21,70.38,76.66,83.28,77.01
RH2M,38.25,-88.75,83.44,81.2,78.62,76.82,78.77,78.26,75.85,70.89,67.94,70.18,76.64,83.08,76.8
RH2M,38.25,-89.25,83.2,80.92,78.4,76.65,78.82,78.23,75.68,70.97,68.09,70.29,76.66,82.89,76.72
RH2M,38.25,-89.75,82.96,80.73,78.22,76.41,78.69,77.9,74.56,70.25,67.87,70.21,76.76,82.83,76.44
RH2M,38.25,-90.25,82.84,80.74,78.16,76.17,78.45,77.41,73.01,69.26,67.58,70.11,76.74,82.8,76.09
RH2M,38.25,-90.75,82.88,80.91,78.26,76.06,78.25,77.07,71.79,68.56,67.52,70.18,76.68,82.8,75.89
RH2M,38.25,-91.25,83.08,81.15,78.52,76.22,78.35,77.38,71.87,68.79,67.96,70.76,76.92,82.86,76.13
RH2M,38.25,-91.75,83.68,81.8,79.04,76.54,78.33,76.91,70.92,68.2,67.89,71.09,77.3,83.23,76.22
RH2M,38.75,-87.25,84.98,82.83,79.78,77.68,79.16,79.01,77.28,72.26,69.12,71.72,77.8,84.5,77.99
RH2M,38.75,-87.75,84.35,81.94,79,77.08,78.76,78.86,77.48,73.01,69.54,71.59,77.45,83.86,77.73
RH2M,38.75,-88.25,84.07,81.58,78.58,76.67,78.47,78.55,76.89,72.53,69.17,71.13,77.16,83.49,77.35
RH2M,38.75,-88.75,83.78,81.28,78.23,76.27,78.22,78.22,76.11,71.78,68.61,70.6,76.91,83.11,76.92
RH2M,38.75,-89.25,83.51,80.99,77.98,76.04,78.18,78.1,75.77,71.71,68.66,70.56,76.85,82.9,76.76
RH2M,38.75,-89.75,83.14,80.62,77.59,75.66,77.97,77.71,74.69,71.03,68.4,70.51,76.88,82.76,76.4
RH2M,38.75,-90.25,82.89,80.39,77.33,75.36,77.77,77.25,73.34,70.07,68.04,70.56,76.97,82.72,76.04
RH2M,38.75,-90.75,82.9,80.48,77.36,75.29,77.7,76.92,72.27,69.28,67.87,70.83,77.13,82.77,75.88
RH2M,38.75,-91.25,83.22,80.97,77.78,75.57,77.88,77,72.09,69.23,68.31,71.43,77.44,82.91,76.14
RH2M,38.75,-91.75,83.86,81.74,78.43,76.02,77.86,76.23,70.86,68.1,67.76,71.38,77.67,83.33,76.08
RH2M,39.25,-87.25,85.55,83.11,79.7,77.48,78.95,79.04,77.23,72.59,69.35,72.19,78.35,84.84,78.19
RH2M,39.25,-87.75,85.08,82.42,78.97,76.8,78.42,78.57,76.76,72.62,69.25,71.92,78.11,84.34,77.76
RH2M,39.25,-88.25,84.88,82.12,78.53,76.26,77.96,77.99,75.82,71.97,68.8,71.4,77.86,84.06,77.29
RH2M,39.25,-88.75,84.38,81.7,78.18,75.93,77.85,78.3,76.38,72.44,68.89,70.85,77.27,83.44,77.12
RH2M,39.25,-89.25,84.03,81.36,77.82,75.56,77.66,78.08,75.79,72.15,68.8,70.69,77.09,83.21,76.84
RH2M,39.25,-89.75,83.61,80.89,77.31,75.07,77.37,77.59,74.67,71.41,68.48,70.63,77.05,83.01,76.41
RH2M,39.25,-90.25,83.25,80.52,76.91,74.69,77.13,77.08,73.44,70.46,68.11,70.73,77.13,82.88,76.01
RH2M,39.25,-90.75,83.06,80.4,76.8,74.55,77.09,76.77,72.58,69.69,67.99,71.02,77.3,82.84,75.82
RH2M,39.25,-91.25,83.06,80.64,77.06,74.75,77.28,76.89,72.65,69.69,68.45,71.52,77.52,82.9,76.02
RH2M,39.25,-91.75,83.37,81.04,77.44,75.08,77.36,76.56,72.16,69.17,68.29,71.56,77.65,83.14,76.05
RH2M,39.75,-87.25,85.9,83.18,79.44,77.01,78.38,78.84,77.28,73.31,69.81,72.56,78.76,85.01,78.28
RH2M,39.75,-87.75,85.49,82.63,78.75,76.27,77.76,78.12,76.29,72.58,69.28,72.07,78.49,84.67,77.69
RH2M,39.75,-88.25,85.26,82.35,78.29,75.67,77.23,77.47,75.31,71.91,68.9,71.54,78.2,84.47,77.2
RH2M,39.75,-88.75,84.81,82.01,78.01,75.44,77.17,77.98,76.34,72.89,69.35,71.18,77.58,83.92,77.21
RH2M,39.75,-89.25,84.43,81.64,77.65,75.05,76.99,77.73,75.6,72.36,69.04,70.96,77.32,83.63,76.85
RH2M,39.75,-89.75,83.97,81.14,77.12,74.52,76.67,77.18,74.42,71.5,68.58,70.84,77.2,83.31,76.36
RH2M,39.75,-90.25,83.55,80.72,76.66,74.08,76.44,76.67,73.37,70.63,68.22,70.85,77.19,83.08,75.94
RH2M,39.75,-90.75,83.21,80.46,76.42,73.87,76.36,76.39,72.73,70.01,68.12,71.04,77.26,82.97,75.72
RH2M,39.75,-91.25,82.93,80.38,76.4,73.84,76.38,76.33,72.57,69.82,68.36,71.39,77.4,82.95,75.72
RH2M,39.75,-91.75,82.91,80.42,76.53,74.03,76.6,76.51,72.76,69.97,68.72,71.64,77.56,83.07,75.88
RH2M,40.25,-87.25,86.02,83.14,79.14,76.41,77.48,78.31,77.45,74.37,70.79,73.03,79.09,85.17,78.35
RH2M,40.25,-87.75,85.65,82.72,78.58,75.83,77.04,77.92,76.97,73.94,70.5,72.6,78.74,84.93,77.94
RH2M,40.25,-88.25,85.44,82.51,78.22,75.35,76.68,77.6,76.49,73.59,70.31,72.16,78.38,84.78,77.61
RH2M,40.25,-88.75,85.35,82.41,78.03,75.12,76.55,77.61,76.41,73.59,70.33,71.97,78.15,84.6,77.5
RH2M,40.25,-89.25,85.02,82.03,77.65,74.77,76.43,77.3,75.42,72.59,69.69,71.72,77.95,84.31,77.06
RH2M,40.25,-89.75,84.5,81.49,77.09,74.21,76.12,76.7,74.14,71.46,69.06,71.47,77.73,83.9,76.47
RH2M,40.25,-90.25,84.05,81.08,76.69,73.84,75.97,76.3,73.29,70.73,68.76,71.41,77.63,83.64,76.1
RH2M,40.25,-90.75,83.73,80.88,76.52,73.68,75.94,76.1,72.88,70.38,68.71,71.52,77.65,83.61,75.95
RH2M,40.25,-91.25,83.4,80.69,76.34,73.44,75.69,75.62,72.16,69.88,68.53,71.61,77.68,83.58,75.7
RH2M,40.25,-91.75,83.31,80.7,76.42,73.6,75.98,75.89,72.27,70.06,68.89,71.9,77.88,83.72,75.87
RH2M,40.75,-87.25,86.21,83.4,79.2,76.09,76.71,77.31,76.47,74.1,70.82,73.03,79.23,85.44,78.15
RH2M,40.75,-87.75,85.83,82.91,78.61,75.53,76.37,77.22,76.55,74.21,71.02,72.98,79.05,85.26,77.94
RH2M,40.75,-88.25,85.59,82.59,78.15,75.01,76.08,77.13,76.47,74.16,71.16,72.84,78.78,85.1,77.74
RH2M,40.75,-88.75,85.65,82.58,78.03,74.82,76.07,77.13,76.33,74.01,71.16,72.74,78.68,85.07,77.67
RH2M,40.75,-89.25,85.53,82.32,77.63,74.51,75.96,76.87,75.33,72.83,70.44,72.56,78.62,84.95,77.28
RH2M,40.75,-89.75,85.25,82.01,77.28,74.19,75.87,76.58,74.47,71.93,70,72.41,78.5,84.76,76.92
RH2M,40.75,-90.25,84.87,81.69,76.97,73.9,75.76,76.29,73.77,71.26,69.7,72.29,78.37,84.59,76.61
RH2M,40.75,-90.75,84.46,81.39,76.72,73.64,75.59,75.92,73.13,70.74,69.42,72.17,78.24,84.46,76.31
RH2M,40.75,-91.25,84.11,81.13,76.47,73.33,75.24,75.29,72.25,70.22,69.05,72.06,78.17,84.38,75.96
RH2M,40.75,-91.75,84.02,81.19,76.47,73.35,75.43,75.45,72.18,70.41,69.24,72.16,78.28,84.44,76.04
RH2M,41.25,-87.25,86.77,84.05,79.8,76.65,76.99,76.8,75.28,73.78,71.33,73.79,79.81,86,78.4
RH2M,41.25,-87.75,86.3,83.42,79.05,75.86,76.47,76.78,75.69,74.17,71.68,73.83,79.7,85.78,78.21
RH2M,41.25,-88.25,85.9,82.89,78.31,75.01,75.93,76.74,76.07,74.35,71.9,73.73,79.45,85.53,77.97
RH2M,41.25,-88.75,85.96,82.77,78.01,74.66,75.81,76.7,76.07,74.19,71.93,73.7,79.4,85.57,77.88
RH2M,41.25,-89.25,86.03,82.69,77.7,74.38,75.71,76.63,75.54,73.42,71.4,73.51,79.32,85.57,77.64
RH2M,41.25,-89.75,85.96,82.6,77.51,74.22,75.7,76.56,75.05,72.76,71.06,73.36,79.23,85.58,77.45
RH2M,41.25,-90.25,85.69,82.33,77.23,73.97,75.56,76.26,74.3,71.97,70.64,73.12,79.09,85.48,77.12
RH2M,41.25,-90.75,85.26,81.95,76.87,73.6,75.26,75.76,73.43,71.19,70.13,72.82,78.89,85.26,76.69
RH2M,41.25,-91.25,84.87,81.66,76.64,73.32,75.01,75.42,73,70.95,69.83,72.63,78.74,85.07,76.41
RH2M,41.25,-91.75,84.86,81.76,76.65,73.25,75.09,75.59,73.08,71.35,69.99,72.65,78.79,85.12,76.5
RH2M,41.75,-87.25,86.93,84.33,80.9,79.25,80.24,79.55,77.19,75.91,73.88,75.74,80.16,85.81,79.98
RH2M,41.75,-87.75,87.14,84.29,80.14,77.57,78.19,77.77,75.99,75.12,73.42,75.49,80.47,86.32,79.31
RH2M,41.75,-88.25,87.17,84.15,79.17,75.51,75.81,75.83,74.78,74.08,72.68,75.05,80.69,86.64,78.45
RH2M,41.75,-88.75,86.95,83.67,78.47,75.08,76.11,76.86,76.3,75.01,73.22,75.07,80.53,86.51,78.64
RH2M,41.75,-89.25,87.04,83.67,78.17,74.78,75.97,76.89,76.04,74.45,72.75,74.76,80.36,86.58,78.44
RH2M,41.75,-89.75,86.85,83.44,77.82,74.51,75.83,76.76,75.54,73.71,72.28,74.45,80.15,86.52,78.14
RH2M,41.75,-90.25,86.6,83.17,77.53,74.27,75.69,76.55,74.96,73.04,71.84,74.17,80.01,86.44,77.84
RH2M,41.75,-90.75,86.37,82.96,77.32,74.03,75.53,76.34,74.52,72.59,71.41,73.91,79.92,86.35,77.59
RH2M,41.75,-91.25,86.13,82.78,77.17,73.74,75.29,76.2,74.46,72.42,70.96,73.59,79.77,86.2,77.38
RH2M,41.75,-91.75,86.04,82.69,77.09,73.48,75.1,76.16,74.53,72.73,71.04,73.5,79.63,86.1,77.33
RH2M,42.25,-87.25,86.4,83.94,81.62,81.95,84.1,83.34,80.23,78.28,76,77.07,79.77,84.79,81.45
RH2M,42.25,-87.75,87.54,84.64,80.76,79.34,80.49,79.71,77.12,76.16,74.81,76.63,80.57,86.23,80.32
RH2M,42.25,-88.25,88.42,85.22,79.64,76.15,76.27,75.93,74.24,74.08,73.47,76.07,81.5,87.54,79.02
RH2M,42.25,-88.75,88.14,84.96,79.14,75.8,76.57,77.25,76.53,75.73,74.36,76.23,81.48,87.52,79.46
RH2M,42.25,-89.25,88.08,84.78,78.7,75.42,76.39,77.29,76.36,75.24,73.96,75.89,81.27,87.56,79.23
RH2M,42.25,-89.75,87.96,84.63,78.42,75.24,76.4,77.37,76.19,74.82,73.67,75.7,81.18,87.59,79.08
RH2M,42.25,-90.25,87.79,84.45,78.18,75.07,76.4,77.38,75.94,74.39,73.3,75.48,81.12,87.58,78.91
RH2M,42.25,-90.75,87.64,84.29,77.99,74.8,76.23,77.3,75.73,74.07,72.83,75.16,81.01,87.52,78.7
RH2M,42.25,-91.25,87.59,84.27,77.94,74.47,75.89,77.2,75.92,74.12,72.44,74.81,80.9,87.48,78.57
RH2M,42.25,-91.75,87.43,84.04,77.73,74.01,75.38,76.89,75.78,74.03,72.09,74.38,80.57,87.25,78.28
,,,,,,,,,,,,,,,
PRECTOTCORR,36.75,-87.25,2.81,3.3,3.88,4.03,4.45,3.66,3.41,1.85,2.21,2.95,2.9,4.01,4.83
PRECTOTCORR,36.75,-87.75,2.67,3.45,4.13,4.27,4.24,3.52,3.27,1.63,2.39,2.81,2.79,3.9,4.55
PRECTOTCORR,36.75,-88.25,2.78,3.53,4.34,4.5,4.15,3.48,3.09,1.65,2.5,2.65,2.92,3.92,4.48
PRECTOTCORR,36.75,-88.75,2.99,3.25,4.13,4.57,4.22,3.34,2.81,1.93,2.29,3.08,2.99,3.78,4.83
PRECTOTCORR,36.75,-89.25,2.78,3.25,4.27,4.64,4.15,3.27,2.74,1.51,2.21,3.01,3.06,3.43,4.62
PRECTOTCORR,36.75,-89.75,2.67,2.94,4.2,4.82,4.39,2.94,2.67,1.51,2.14,2.62,3.23,3.18,4.62
PRECTOTCORR,36.75,-90.25,2.5,2.58,3.92,5.03,4.5,2.58,2.67,1.93,2.18,2.44,3.3,2.87,4.48
PRECTOTCORR,36.75,-90.75,2.25,2.39,3.6,5.12,4.41,2.39,2.71,2.55,2.39,2.5,3.2,2.6,4.18
PRECTOTCORR,36.75,-91.25,2.11,2.46,3.6,4.83,4.48,2.46,2.64,2.9,2.81,2.29,2.99,2.81,4.04
PRECTOTCORR,36.75,-91.75,2.18,2.32,3.74,4.76,4.62,2.53,2.64,2.9,2.81,2.21,2.92,2.74,4.11
PRECTOTCORR,37.25,-87.25,2.67,2.92,3.8,4.31,4.48,3.81,3.64,1.9,2.21,3.01,2.87,3.83,4.73
PRECTOTCORR,37.25,-87.75,2.6,2.81,3.83,4.52,4.24,3.6,3.46,1.65,2.32,2.76,2.83,3.52,4.38
PRECTOTCORR,37.25,-88.25,2.51,2.78,3.76,4.52,4.15,3.53,3.16,1.51,2.29,2.58,2.99,3.2,4.29
PRECTOTCORR,37.25,-88.75,2.37,2.64,3.69,4.31,4.22,3.25,2.81,1.58,1.93,2.72,2.99,2.99,4.57
PRECTOTCORR,37.25,-89.25,2.44,2.64,3.76,4.45,4.15,3.11,2.6,1.51,2,2.79,2.92,2.78,4.36
PRECTOTCORR,37.25,-89.75,2.41,2.48,3.67,4.69,4.39,2.87,2.65,1.81,2.23,2.55,3.01,2.62,4.52
PRECTOTCORR,37.25,-90.25,2.3,2.3,3.5,4.8,4.54,2.69,2.65,2.27,2.37,2.34,3.01,2.51,4.48
PRECTOTCORR,37.25,-90.75,2.09,2.18,3.34,4.71,4.52,2.71,2.64,2.65,2.44,2.27,2.88,2.43,4.18
PRECTOTCORR,37.25,-91.25,1.67,2.11,3.34,4.57,4.66,2.99,2.99,2.72,2.72,2.2,2.81,2.29,4.04
PRECTOTCORR,37.25,-91.75,1.74,2.18,3.34,4.57,4.59,3.13,2.92,2.94,3.01,2.27,2.67,2.29,4.18
PRECTOTCORR,37.75,-87.25,2.44,2.44,3.69,4.17,4.57,3.64,3.48,1.93,2.2,2.6,2.83,3.23,4.43
PRECTOTCORR,37.75,-87.75,2.2,2.16,3.55,4.2,4.32,3.5,3.23,1.76,2.2,2.43,2.94,2.95,4.15
PRECTOTCORR,37.75,-88.25,1.93,1.81,3.3,4.27,4.24,3.3,3.04,1.74,2.14,2.41,2.97,2.58,4.04
PRECTOTCORR,37.75,-88.75,1.93,1.67,3.16,4.13,4.31,3.16,2.9,1.67,1.93,2.55,2.9,2.37,4.04
PRECTOTCORR,37.75,-89.25,1.79,1.81,3.23,4.13,4.31,3.09,2.83,1.6,2.07,2.62,2.76,2.3,3.97
PRECTOTCORR,37.75,-89.75,1.71,1.85,3.04,4.39,4.52,3.02,2.92,2.11,2.11,2.43,2.72,2.23,3.96
PRECTOTCORR,37.75,-90.25,1.63,1.88,2.94,4.46,4.66,3.02,2.85,2.57,2.21,2.14,2.69,2.2,3.81
PRECTOTCORR,37.75,-90.75,1.49,1.88,2.99,4.32,4.64,3.13,2.69,2.74,2.43,2.02,2.62,2.09,3.62
PRECTOTCORR,37.75,-91.25,1.14,1.67,2.99,4.39,4.57,3.34,2.9,2.81,2.64,2.37,2.55,1.67,3.69
PRECTOTCORR,37.75,-91.75,1.28,1.74,2.78,4.46,4.5,3.69,2.9,3.02,2.71,2.51,2.34,1.6,3.76
PRECTOTCORR,38.25,-87.25,2.21,1.99,3.36,4.1,4.46,3.66,3.59,2.07,2.11,2.41,2.71,2.78,4.29
PRECTOTCORR,38.25,-87.75,1.9,1.85,3.22,3.88,4.36,3.66,3.27,1.93,2.11,2.37,2.88,2.53,3.94
PRECTOTCORR,38.25,-88.25,1.56,1.55,3.09,3.78,4.31,3.59,2.88,1.93,2.11,2.39,2.95,2.32,3.5
PRECTOTCORR,38.25,-88.75,1.49,1.41,2.81,3.78,4.31,3.52,2.81,1.93,2.11,2.46,2.81,2.11,3.43
PRECTOTCORR,38.25,-89.25,1.28,1.41,2.81,3.71,4.38,3.52,2.88,1.93,2.11,2.53,2.74,2.04,3.43
PRECTOTCORR,38.25,-89.75,1.18,1.41,2.5,3.85,4.5,3.36,3.01,2.2,2.11,2.23,2.62,1.81,3.22
PRECTOTCORR,38.25,-90.25,1.11,1.44,2.43,4.03,4.5,3.25,2.9,2.48,2.29,1.95,2.48,1.71,2.97
PRECTOTCORR,38.25,-90.75,1,1.49,2.6,4.22,4.39,3.32,2.64,2.71,2.53,1.93,2.34,1.67,2.87
PRECTOTCORR,38.25,-91.25,0.79,1.49,2.46,4.57,4.39,3.6,2.64,2.99,2.46,2.29,2.2,1.32,3.08
PRECTOTCORR,38.25,-91.75,0.79,1.49,2.32,4.64,4.39,3.81,2.64,3.06,2.32,2.36,2.06,1.11,3.15
PRECTOTCORR,38.75,-87.25,1.95,1.71,2.69,4.25,4.22,3.94,3.57,2.32,2.43,2.41,2.83,2.44,4.15
PRECTOTCORR,38.75,-87.75,1.74,1.6,2.58,3.97,4.22,3.83,3.32,2.21,2.36,2.37,2.97,2.13,3.76
PRECTOTCORR,38.75,-88.25,1.55,1.49,2.55,3.55,4.17,3.81,2.85,2.09,2.18,2.34,3.02,1.97,3.32
PRECTOTCORR,38.75,-88.75,1.41,1.49,2.2,3.34,3.96,3.96,2.64,2.02,2.11,2.2,2.81,1.76,3.25
PRECTOTCORR,38.75,-89.25,1.2,1.28,2.06,3.34,4.17,3.96,2.71,2.16,2.04,2.27,2.53,1.62,3.04
PRECTOTCORR,38.75,-89.75,1.14,1.28,1.81,3.34,4.22,3.74,2.94,2.36,1.97,2.07,2.41,1.32,2.72
PRECTOTCORR,38.75,-90.25,1.07,1.28,1.81,3.55,4.15,3.53,2.83,2.6,2.18,1.93,2.3,1.21,2.51
PRECTOTCORR,38.75,-90.75,0.9,1.27,2.04,3.92,4.11,3.52,2.55,2.81,2.53,2.02,2.11,1.27,2.48
PRECTOTCORR,38.75,-91.25,0.62,1.41,2.11,4.13,4.39,3.87,2.9,2.81,2.46,2.37,1.76,1.05,2.55
PRECTOTCORR,38.75,-91.75,0.54,1.41,2.04,4.06,4.25,3.87,2.83,2.95,2.53,2.3,1.76,1.12,2.62
PRECTOTCORR,39.25,-87.25,1.51,1.46,2.25,3.97,3.99,4.22,3.3,2.6,2.44,2.55,2.88,1.9,3.97
PRECTOTCORR,39.25,-87.75,1.37,1.28,2.07,3.83,3.96,3.97,3.06,2.53,2.23,2.44,2.78,1.69,3.62
PRECTOTCORR,39.25,-88.25,1.32,1.23,1.97,3.45,3.92,3.88,2.85,2.39,2,2.27,2.71,1.55,3.22
PRECTOTCORR,39.25,-88.75,1.32,1.23,1.76,3.16,3.78,3.96,2.64,2.46,1.93,2.2,2.64,1.41,3.08
PRECTOTCORR,39.25,-89.25,1.04,1.09,1.55,3.23,3.85,3.88,2.57,2.53,1.79,2.13,2.36,1.2,2.72
PRECTOTCORR,39.25,-89.75,0.97,1,1.34,3.3,3.87,3.87,2.55,2.71,1.76,1.95,2.18,1.04,2.48
PRECTOTCORR,39.25,-90.25,0.86,1,1.3,3.38,3.83,3.73,2.41,2.78,1.9,1.95,2.04,0.97,2.27
PRECTOTCORR,39.25,-90.75,0.65,1.09,1.49,3.41,3.81,3.55,2.34,2.74,2.16,2.14,1.86,0.93,2.11
PRECTOTCORR,39.25,-91.25,0.44,1.23,1.85,3.34,3.96,3.69,2.9,2.81,2.37,2.29,1.58,0.79,2.11
PRECTOTCORR,39.25,-91.75,0.44,1.23,1.78,3.27,3.81,3.76,2.83,2.95,2.65,2.29,1.58,0.86,2.32
PRECTOTCORR,39.75,-87.25,1.2,1.23,2.16,3.48,3.8,4.2,3.5,3.08,2.04,2.46,2.46,1.51,3.6
PRECTOTCORR,39.75,-87.75,0.98,1.02,1.95,3.34,3.8,3.81,3.36,3.01,1.9,2.36,2.21,1.34,3.11
PRECTOTCORR,39.75,-88.25,0.86,0.97,1.78,3.08,3.87,3.66,3.13,2.88,1.85,2.2,2.14,1.23,2.58
PRECTOTCORR,39.75,-88.75,0.79,0.97,1.49,3.08,3.52,3.87,2.64,2.81,1.85,2.2,2.29,1.23,2.37
PRECTOTCORR,39.75,-89.25,0.65,0.9,1.35,3.22,3.52,3.59,2.64,2.88,1.63,2.13,2.21,1.09,2.23
PRECTOTCORR,39.75,-89.75,0.56,0.77,1.16,3.2,3.67,3.67,2.43,2.85,1.69,2,1.93,1.05,2.09
PRECTOTCORR,39.75,-90.25,0.46,0.84,1.12,3.13,3.71,3.71,2.21,2.71,1.72,1.97,1.72,0.95,2.02
PRECTOTCORR,39.75,-90.75,0.33,1.02,1.25,3.11,3.64,3.57,2.18,2.64,1.74,1.99,1.63,0.76,2
PRECTOTCORR,39.75,-91.25,0.26,0.88,1.32,3.25,3.78,3.43,2.46,2.99,2.02,1.85,1.49,0.62,1.93
PRECTOTCORR,39.75,-91.75,0.26,0.88,1.32,3.32,3.78,3.36,2.53,3.06,2.23,1.92,1.49,0.47,2.07
PRECTOTCORR,40.25,-87.25,1.09,1.05,1.97,2.97,3.71,4.1,3.59,3.11,2.04,2.39,2,1.21,2.99
PRECTOTCORR,40.25,-87.75,0.81,0.84,1.76,2.79,3.74,3.74,3.62,3.08,2.07,2.43,1.72,1.18,2.57
PRECTOTCORR,40.25,-88.25,0.67,0.79,1.67,2.64,3.85,3.45,3.41,3.06,2,2.36,1.72,1.21,2.13
PRECTOTCORR,40.25,-88.75,0.53,0.79,1.32,2.64,3.43,3.52,2.99,2.99,1.93,2.29,1.93,1.14,1.85
PRECTOTCORR,40.25,-89.25,0.46,0.86,1.39,2.64,3.43,3.45,3.06,2.85,1.86,2.29,1.79,1.07,1.71
PRECTOTCORR,40.25,-89.75,0.39,0.77,1.41,2.58,3.59,3.48,2.81,2.87,1.85,2.13,1.65,1.05,1.67
PRECTOTCORR,40.25,-90.25,0.28,0.81,1.34,2.72,3.76,3.55,2.5,2.72,1.85,1.92,1.51,0.84,1.78
PRECTOTCORR,40.25,-90.75,0.16,0.91,1.27,2.99,3.88,3.6,2.27,2.51,1.85,1.76,1.39,0.49,1.92
PRECTOTCORR,40.25,-91.25,0.09,0.7,1.41,2.99,3.96,3.6,2.2,2.72,1.85,1.76,1.32,0.35,1.85
PRECTOTCORR,40.25,-91.75,0.09,0.63,1.13,3.2,4.1,3.46,2.41,2.94,2.06,1.76,1.32,0.35,1.71
PRECTOTCORR,40.75,-87.25,1.07,0.95,1.67,2.65,3.76,4.08,3.45,2.78,2.04,2.39,1.58,0.97,2.5
PRECTOTCORR,40.75,-87.75,0.86,0.84,1.53,2.51,3.8,3.94,3.34,2.67,2,2.5,1.37,1,2.21
PRECTOTCORR,40.75,-88.25,0.63,0.77,1.56,2.41,3.9,3.73,3.27,2.76,1.9,2.5,1.34,1.04,1.76
PRECTOTCORR,40.75,-88.75,0.35,0.7,1.49,2.2,3.69,3.52,2.99,2.9,2.11,2.29,1.41,0.97,1.41
PRECTOTCORR,40.75,-89.25,0.28,0.77,1.56,2.34,3.69,3.59,2.92,2.69,2.18,2.21,1.34,0.97,1.34
PRECTOTCORR,40.75,-89.75,0.26,0.69,1.58,2.32,3.64,3.6,2.74,2.79,2.09,1.99,1.48,0.81,1.42
PRECTOTCORR,40.75,-90.25,0.19,0.65,1.44,2.53,3.81,3.57,2.64,2.65,2.06,1.78,1.41,0.6,1.53
PRECTOTCORR,40.75,-90.75,0.07,0.69,1.3,2.87,4.08,3.55,2.64,2.34,2.06,1.69,1.14,0.39,1.6
PRECTOTCORR,40.75,-91.25,0,0.62,1.58,2.72,3.87,3.69,2.64,2.55,1.85,1.76,1.14,0.18,1.67
PRECTOTCORR,40.75,-91.75,0,0.4,1.16,2.79,4.01,3.83,2.64,2.76,2.2,1.83,1.07,0.25,1.6
PRECTOTCORR,41.25,-87.25,0.84,0.88,1.3,2.76,3.73,3.73,3.46,2.94,1.85,2.36,1.28,0.88,2.02
PRECTOTCORR,41.25,-87.75,0.74,0.84,1.34,2.65,3.87,3.8,3.22,2.87,1.81,2.29,1.35,0.84,1.92
PRECTOTCORR,41.25,-88.25,0.46,0.76,1.49,2.5,4.06,3.9,3.09,2.78,1.88,2.23,1.39,0.76,1.65
PRECTOTCORR,41.25,-88.75,0.18,0.62,1.49,2.29,3.78,3.69,2.81,2.64,2.37,2.02,1.32,0.62,1.23
PRECTOTCORR,41.25,-89.25,0.18,0.62,1.49,2.5,3.85,3.55,2.53,2.71,2.3,1.95,1.32,0.62,1.37
PRECTOTCORR,41.25,-89.75,0.12,0.62,1.44,2.55,3.87,3.73,2.62,2.72,2.07,1.78,1.37,0.46,1.41
PRECTOTCORR,41.25,-90.25,0.05,0.58,1.37,2.58,3.9,3.8,2.79,2.65,2,1.6,1.27,0.39,1.44
PRECTOTCORR,41.25,-90.75,0,0.51,1.34,2.69,3.96,3.73,2.97,2.67,2.07,1.53,1.05,0.39,1.55
PRECTOTCORR,41.25,-91.25,0,0.44,1.41,2.9,3.96,3.87,3.25,3.16,1.93,1.67,1.05,0.18,1.76
PRECTOTCORR,41.25,-91.75,0,0.16,1.05,2.62,3.88,4.15,3.11,3.09,2.07,1.88,0.98,0.18,1.76
PRECTOTCORR,41.75,-87.25,0.53,0.81,0.91,2.67,3.67,3.43,3.2,3.23,1.86,2.44,1.23,0.7,1.76
PRECTOTCORR,41.75,-87.75,0.46,0.67,1.09,2.67,3.96,3.64,3.09,3.2,1.86,2.2,1.34,0.67,1.86
PRECTOTCORR,41.75,-88.25,0.32,0.6,1.39,2.72,4.17,3.94,2.99,2.97,2.07,2.16,1.48,0.58,1.97
PRECTOTCORR,41.75,-88.75,0.18,0.53,1.32,2.72,3.96,3.87,2.99,2.9,2.29,2.02,1.41,0.44,1.76
PRECTOTCORR,41.75,-89.25,0.11,0.53,1.46,2.58,4.03,3.8,2.71,3.11,2.36,1.81,1.41,0.37,1.62
PRECTOTCORR,41.75,-89.75,0.04,0.58,1.55,2.65,4.04,3.99,2.79,3.01,2.06,1.76,1.25,0.35,1.48
PRECTOTCORR,41.75,-90.25,0,0.47,1.51,2.69,3.87,4.13,2.9,3.01,1.95,1.69,1.11,0.32,1.55
PRECTOTCORR,41.75,-90.75,0,0.25,1.39,2.69,3.64,4.24,3.04,3.29,2.09,1.62,1.04,0.25,1.78
PRECTOTCORR,41.75,-91.25,0,0.18,1.32,2.9,3.78,4.66,3.6,3.78,2.02,1.76,0.97,0.18,1.85
PRECTOTCORR,41.75,-91.75,0,0.04,1.04,2.62,3.64,4.66,3.46,3.57,2.02,1.83,0.9,0.18,1.78
PRECTOTCORR,42.25,-87.25,0.44,0.72,0.83,2.55,3.39,3.41,2.48,3.06,2.02,2.44,1.32,0.51,1.67
PRECTOTCORR,42.25,-87.75,0.37,0.58,1.04,2.65,3.78,3.69,2.72,3.06,2.09,2.2,1.28,0.47,1.78
PRECTOTCORR,42.25,-88.25,0.25,0.53,1.39,2.85,4.03,4.01,2.78,2.94,2.2,2.16,1.48,0.53,1.93
PRECTOTCORR,42.25,-88.75,0.18,0.53,1.32,2.99,3.96,4.22,2.99,3.08,2.2,2.02,1.41,0.53,1.93
PRECTOTCORR,42.25,-89.25,0.04,0.39,1.39,2.71,3.88,4.22,3.13,3.43,2.41,1.81,1.34,0.53,1.72
PRECTOTCORR,42.25,-89.75,0,0.35,1.46,2.79,3.81,4.32,3.16,3.2,2.25,1.86,1.16,0.47,1.67
PRECTOTCORR,42.25,-90.25,0,0.21,1.39,2.87,3.64,4.36,3.16,3.16,2.21,1.79,0.98,0.37,1.71
PRECTOTCORR,42.25,-90.75,0,0,1.2,2.83,3.46,4.43,3.25,3.45,2.32,1.67,0.86,0.25,1.78
PRECTOTCORR,42.25,-91.25,0,0,1.05,2.9,3.6,4.92,3.6,3.52,2.11,2.02,0.79,0.18,1.85
PRECTOTCORR,42.25,-91.75,0,0,0.98,2.69,3.46,4.78,3.74,3.52,2.04,1.88,0.72,0.18,1.71
,,,,,,,,,,,,,,,
PRECTOTCORR_SUM,36.75,-87.25,2655.18,3163.54,3344.41,3539.53,3812.7,3044.36,3098.14,2203.77,2498.55,2771.72,2852.4,3528.46,36512.75
PRECTOTCORR_SUM,36.75,-87.75,2626.7,3118.18,3368.67,3563.79,3793.71,2992.68,2964.2,2114.12,2459.53,2751.68,2897.75,3471.5,36122.52
PRECTOTCORR_SUM,36.75,-88.25,2631.97,3062.81,3382.91,3623.91,3802.68,3010.08,2879.82,2079.84,2426.84,2737.97,2997.42,3447.77,36084.02
PRECTOTCORR_SUM,36.75,-88.75,2634.08,3005.86,3351.27,3775.78,3762.6,2984.77,2776.46,2056.64,2346.68,2784.38,3111.33,3422.46,36012.3
PRECTOTCORR_SUM,36.75,-89.25,2608.77,2991.09,3357.6,3758.91,3781.58,2944.69,2727.95,2031.33,2353.01,2769.61,3111.33,3376.05,35811.91
PRECTOTCORR_SUM,36.75,-89.75,2575.55,2811.8,3321.21,3852.77,3740.45,2762.23,2707.91,2080.37,2340.35,2756.43,3201.5,3245.8,35396.37
PRECTOTCORR_SUM,36.75,-90.25,2473.24,2617.73,3270.59,3918.16,3729.9,2586.09,2702.64,2220.64,2380.43,2731.11,3275.33,3071.78,34977.66
PRECTOTCORR_SUM,36.75,-90.75,2316.09,2472.19,3224.71,3901.82,3764.18,2504.36,2693.14,2393.09,2496.45,2699.47,3280.08,2880.35,34625.92
PRECTOTCORR_SUM,36.75,-91.25,2193.75,2351.95,3193.07,3836.43,3781.05,2544.43,2655.18,2462.7,2663.09,2686.82,3216.8,2684.18,34269.43
PRECTOTCORR_SUM,36.75,-91.75,2132.58,2295,3209.94,3813.22,3825.35,2611.93,2674.16,2517.54,2760.12,2716.35,3176.72,2599.8,34332.71
PRECTOTCORR_SUM,37.25,-87.25,2573.44,2924.65,3320.68,3620.21,3798.98,3115.55,3133.48,2187.95,2463.75,2760.12,2829.2,3379.22,36107.23
PRECTOTCORR_SUM,37.25,-87.75,2532.3,2807.58,3292.21,3620.21,3719.88,3017.46,3010.08,2104.63,2412.07,2682.07,2860.84,3251.6,35310.94
PRECTOTCORR_SUM,37.25,-88.25,2520.18,2729,3258.98,3678.22,3724.1,3021.15,2903.03,2095.14,2379.9,2643.05,2967.89,3158.26,35078.91
PRECTOTCORR_SUM,37.25,-88.75,2496.97,2655.18,3258.98,3752.05,3728.32,2997.95,2797.56,2101.46,2301.86,2657.81,3079.69,3082.32,34910.16
PRECTOTCORR_SUM,37.25,-89.25,2477.99,2621.43,3218.91,3787.91,3743.09,2972.64,2765.92,2097.25,2333.5,2657.81,3079.69,3054.9,34811.02
PRECTOTCORR_SUM,37.25,-89.75,2408.38,2489.59,3166.17,3855.41,3791.07,2838.16,2748.52,2211.68,2373.05,2665.72,3168.28,2908.83,34624.86
PRECTOTCORR_SUM,37.25,-90.25,2276.54,2344.04,3090.23,3893.38,3862.79,2713.71,2752.73,2393.09,2444.77,2636.19,3235.78,2711.6,34354.86
PRECTOTCORR_SUM,37.25,-90.75,2110.43,2236.46,3031.17,3885.47,3938.2,2681.02,2766.45,2568.16,2566.05,2583.98,3218.38,2523.87,34109.65
PRECTOTCORR_SUM,37.25,-91.25,1977.54,2185.84,3079.69,3860.16,3986.72,2784.38,2758.01,2641.99,2747.46,2583.98,3098.14,2399.41,34103.32
PRECTOTCORR_SUM,37.25,-91.75,1939.57,2128.89,3079.69,3801.09,4001.48,2887.73,2865.59,2766.45,2895.12,2628.28,2992.68,2310.82,34297.38
PRECTOTCORR_SUM,37.75,-87.25,2478.52,2625.12,3246.33,3665.57,3823.24,3145.08,3110.8,2204.3,2443.71,2639.88,2802.83,3146.13,35331.5
PRECTOTCORR_SUM,37.75,-87.75,2412.07,2488.01,3175.66,3634.98,3674.53,3049.1,3012.71,2168.44,2389.92,2565,2839.75,2965.78,34375.96
PRECTOTCORR_SUM,37.75,-88.25,2340.35,2367.25,3102.89,3654.49,3634.45,3053.32,2878.77,2168.44,2330.33,2513.32,2909.88,2790.7,33744.2
PRECTOTCORR_SUM,37.75,-88.75,2293.95,2270.21,2995.31,3675.59,3733.59,3063.87,2760.64,2162.11,2275.49,2515.43,2937.3,2678.91,33362.4
PRECTOTCORR_SUM,37.75,-89.25,2247.54,2225.92,2957.34,3694.57,3742.03,3028.01,2741.66,2174.77,2309.24,2521.76,2971.05,2645.16,33259.04
PRECTOTCORR_SUM,37.75,-89.75,2137.85,2102.52,2901.97,3723.05,3790.02,2968.42,2740.08,2293.42,2341.41,2509.1,2988.98,2500.66,32997.48
PRECTOTCORR_SUM,37.75,-90.25,1999.69,2006.54,2824.98,3710.39,3854.36,2909.36,2752.73,2460.06,2417.34,2471.13,2972.11,2336.13,32714.82
PRECTOTCORR_SUM,37.75,-90.75,1866.8,1973.85,2767.5,3666.09,3916.58,2900.39,2773.83,2621.95,2549.18,2424.2,2906.72,2201.13,32568.22
PRECTOTCORR_SUM,37.75,-91.25,1771.88,1969.63,2816.02,3659.77,3962.99,3016.41,2794.92,2731.64,2715.82,2407.32,2784.38,2104.1,32734.86
PRECTOTCORR_SUM,37.75,-91.75,1748.67,1889.47,2782.27,3640.78,4005.18,3086.02,2965.78,2902.5,2840.27,2479.04,2687.34,2040.82,33068.14
PRECTOTCORR_SUM,38.25,-87.25,2378.32,2330.86,3073.89,3652.38,3851.72,3263.73,3054.9,2250.18,2436.86,2567.11,2798.09,2859.79,34517.81
PRECTOTCORR_SUM,38.25,-87.75,2307.66,2207.46,2969.47,3579.61,3696.68,3182.52,2989.51,2254.39,2374.63,2544.96,2824.45,2681.54,33612.89
PRECTOTCORR_SUM,38.25,-88.25,2201.13,2067.19,2875.08,3528.46,3603.34,3170.92,2872.44,2262.3,2289.73,2510.68,2811.27,2482.73,32675.27
PRECTOTCORR_SUM,38.25,-88.75,2104.1,1961.72,2700,3520.02,3672.95,3187.79,2739.55,2230.66,2241.21,2449.51,2771.19,2320.31,31899.02
PRECTOTCORR_SUM,38.25,-89.25,2070.35,1917.42,2676.8,3522.13,3729.9,3166.7,2747.99,2274.96,2285.51,2468.5,2794.39,2263.36,31918.01
PRECTOTCORR_SUM,38.25,-89.75,1949.59,1828.83,2602.97,3527.4,3728.32,3134.53,2737.44,2344.57,2331.39,2438.44,2744.82,2173.18,31541.48
PRECTOTCORR_SUM,38.25,-90.25,1814.59,1767.66,2558.67,3506.31,3735.7,3100.78,2739.55,2452.15,2406.27,2376.21,2656.23,2078.26,31192.38
PRECTOTCORR_SUM,38.25,-90.75,1703.85,1743.93,2555.51,3459.38,3775.25,3093.93,2779.63,2602.44,2518.59,2328.75,2557.09,1987.56,31105.9
PRECTOTCORR_SUM,38.25,-91.25,1621.58,1705.96,2536.52,3417.19,3825.88,3161.43,2876.66,2792.29,2657.81,2373.05,2470.61,1890.53,31329.49
PRECTOTCORR_SUM,38.25,-91.75,1611.04,1663.77,2498.55,3419.3,3861.74,3152.99,2980.02,2857.68,2710.55,2432.11,2447.4,1846.23,31481.37
PRECTOTCORR_SUM,38.75,-87.25,2273.91,2071.93,2804.41,3592.79,3835.9,3475.2,3038.03,2327.7,2430.53,2592.95,2766.45,2598.22,33808.01
PRECTOTCORR_SUM,38.75,-87.75,2234.88,1958.03,2706.33,3502.09,3725.16,3410.86,3003.22,2310.82,2355.64,2605.61,2784.38,2431.58,33028.59
PRECTOTCORR_SUM,38.75,-88.25,2152.09,1851.5,2613.52,3422.46,3624.43,3388.18,2924.65,2295,2251.76,2595.59,2745.88,2266,32131.05
PRECTOTCORR_SUM,38.75,-88.75,2017.09,1779.79,2489.06,3369.73,3588.57,3367.09,2736.91,2257.03,2209.57,2504.88,2655.18,2090.92,31065.82
PRECTOTCORR_SUM,38.75,-89.25,1949.59,1741.82,2413.12,3367.62,3647.64,3335.45,2745.35,2351.95,2260.2,2488.01,2631.97,2048.73,30981.45
PRECTOTCORR_SUM,38.75,-89.75,1815.64,1692.77,2343.52,3352.85,3651.33,3273.75,2725.31,2396.25,2307.66,2439.49,2548.65,1981.23,30528.46
PRECTOTCORR_SUM,38.75,-90.25,1685.92,1645.31,2317.15,3325.43,3659.77,3206.25,2733.75,2470.08,2363.55,2375.16,2453.73,1903.18,30139.28
PRECTOTCORR_SUM,38.75,-90.75,1591.52,1602.6,2321.89,3290.63,3695.62,3167.23,2807.05,2605.08,2447.93,2345.62,2359.34,1815.12,30049.63
PRECTOTCORR_SUM,38.75,-91.25,1524.02,1558.3,2296.58,3258.98,3744.14,3200.98,2961.04,2784.38,2589.26,2436.33,2241.21,1703.32,30298.54
PRECTOTCORR_SUM,38.75,-91.75,1517.7,1535.1,2275.49,3223.13,3693.52,3200.98,3017.99,2784.37,2641.99,2463.75,2264.41,1680.12,30298.54
PRECTOTCORR_SUM,39.25,-87.25,2102.52,1877.87,2515.43,3441.97,3660.82,3613.89,3070.2,2376.74,2342.46,2606.66,2643.57,2334.02,32586.15
PRECTOTCORR_SUM,39.25,-87.75,2054,1796.66,2417.34,3368.14,3586.99,3547.44,2997.42,2311.35,2266.52,2633.03,2630.92,2175.82,31785.64
PRECTOTCORR_SUM,39.25,-88.25,1964.36,1737.6,2326.11,3292.73,3527.93,3512.64,2908.83,2284.98,2195.86,2618.26,2602.97,2051.89,31024.16
PRECTOTCORR_SUM,39.25,-88.75,1858.89,1684.86,2233.3,3237.89,3475.2,3462.01,2763.28,2280.76,2204.3,2565.53,2541.8,1948.54,30256.35
PRECTOTCORR_SUM,39.25,-89.25,1753.42,1638.46,2140.49,3187.27,3530.04,3426.15,2718.98,2373.57,2231.72,2498.03,2453.2,1914.79,29866.11
PRECTOTCORR_SUM,39.25,-89.75,1638.46,1580.98,2099.88,3161.95,3573.81,3372.89,2698.42,2436.33,2282.87,2433.69,2355.12,1849.39,29483.79
PRECTOTCORR_SUM,39.25,-90.25,1535.1,1527.19,2085.12,3115.55,3589.63,3298.01,2717.4,2503.83,2337.71,2372.52,2259.14,1768.18,29109.38
PRECTOTCORR_SUM,39.25,-90.75,1449.67,1493.44,2079.84,3061.76,3597.01,3232.62,2791.23,2592.95,2401.52,2330.33,2163.69,1670.1,28864.16
PRECTOTCORR_SUM,39.25,-91.25,1373.73,1497.66,2077.73,3074.41,3651.86,3243.16,2934.67,2702.64,2504.88,2338.77,2054,1537.21,28990.72
PRECTOTCORR_SUM,39.25,-91.75,1363.18,1468.12,2060.86,3061.76,3616,3270.59,2983.18,2744.82,2566.05,2380.96,2037.13,1528.77,29081.43
PRECTOTCORR_SUM,39.75,-87.25,1872.07,1737.6,2276.02,3203.61,3428.26,3589.63,3097.62,2455.84,2228.03,2530.2,2449.51,2080.9,30949.28
PRECTOTCORR_SUM,39.75,-87.75,1782.42,1657.44,2168.44,3136.11,3394.51,3510.53,2984.77,2399.94,2174.24,2555.51,2410.49,1960.66,30135.06
PRECTOTCORR_SUM,39.75,-88.25,1688.55,1601.02,2089.34,3066.5,3370.25,3456.74,2885.1,2389.92,2165.8,2554.45,2376.21,1868.91,29512.79
PRECTOTCORR_SUM,39.75,-88.75,1629.49,1539.84,1988.09,3034.86,3361.82,3456.74,2802.83,2362.5,2233.3,2531.25,2346.68,1792.97,29080.37
PRECTOTCORR_SUM,39.75,-89.25,1572.54,1501.88,1956.45,2977.91,3435.64,3410.33,2756.43,2444.77,2212.21,2476.41,2247.54,1761.33,28753.42
PRECTOTCORR_SUM,39.75,-89.75,1479.2,1452.83,1915.31,2936.78,3501.56,3376.58,2711.6,2501.72,2257.56,2415.23,2151.56,1715.45,28415.39
PRECTOTCORR_SUM,39.75,-90.25,1379,1409.59,1899.49,2906.19,3531.09,3360.76,2705.27,2561.84,2315.57,2342.46,2066.13,1647.95,28125.35
PRECTOTCORR_SUM,39.75,-90.75,1278.28,1382.7,1910.57,2898.28,3545.86,3358.12,2763.81,2638.83,2367.25,2274.43,1988.09,1550.39,27956.6
PRECTOTCORR_SUM,39.75,-91.25,1160.16,1376.37,1916.89,2942.58,3617.58,3353.91,2903.03,2731.64,2428.42,2249.12,1903.71,1413.28,27996.68
PRECTOTCORR_SUM,39.75,-91.75,1143.28,1370.04,1876.82,2927.81,3634.45,3419.3,2913.57,2744.3,2487.48,2270.21,1865.74,1398.52,28051.52
PRECTOTCORR_SUM,40.25,-87.25,1689.61,1603.65,2078.26,2943.11,3272.17,3538.48,3120.29,2598.75,2168.44,2442.66,2251.76,1870.49,29577.66
PRECTOTCORR_SUM,40.25,-87.75,1604.18,1517.17,1999.16,2879.82,3292.21,3466.76,3035.92,2579.77,2163.16,2480.62,2219.06,1794.55,29032.38
PRECTOTCORR_SUM,40.25,-88.25,1540.37,1453.89,1954.86,2816.02,3330.7,3371.31,2942.05,2566.05,2201.13,2500.66,2180.04,1734.96,28592.05
PRECTOTCORR_SUM,40.25,-88.75,1500.29,1415.92,1885.25,2826.56,3364.45,3356.54,2876.66,2536.52,2283.4,2473.24,2125.2,1661.13,28305.18
PRECTOTCORR_SUM,40.25,-89.25,1462.32,1403.26,1889.47,2784.38,3379.22,3297.48,2836.58,2578.71,2255.98,2460.59,2074.57,1652.7,28075.25
PRECTOTCORR_SUM,40.25,-89.75,1376.89,1371.62,1833.57,2764.34,3450.94,3282.71,2780.68,2584.51,2288.67,2359.34,1990.72,1598.38,27682.38
PRECTOTCORR_SUM,40.25,-90.25,1266.15,1341.04,1786.11,2753.79,3517.38,3340.72,2739.55,2616.15,2339.3,2255.98,1909.51,1515.06,27380.74
PRECTOTCORR_SUM,40.25,-90.75,1136.43,1317.3,1771.35,2749.57,3560.63,3435.64,2754.84,2687.87,2383.59,2199.55,1834.63,1412.75,27244.16
PRECTOTCORR_SUM,40.25,-91.25,978.22,1291.99,1769.24,2758.01,3607.03,3467.29,2879.3,2765.92,2415.23,2201.66,1737.6,1294.63,27166.11
PRECTOTCORR_SUM,40.25,-91.75,927.6,1281.45,1743.93,2764.34,3634.45,3562.21,2891.95,2797.56,2457.42,2205.88,1712.29,1273.54,27252.6
PRECTOTCORR_SUM,40.75,-87.25,1572.01,1493.96,1918.48,2747.46,3172.5,3464.12,3138.22,2752.73,2200.61,2433.69,2087.23,1697.52,28678.54
PRECTOTCORR_SUM,40.75,-87.75,1496.07,1414.86,1865.74,2692.62,3235.78,3421.93,3054.9,2727.42,2211.15,2479.04,2040.82,1645.84,28286.19
PRECTOTCORR_SUM,40.75,-88.25,1413.81,1360.55,1839.38,2629.86,3301.17,3335.98,2951.54,2706.33,2250.7,2476.41,1991.78,1605.76,27863.26
PRECTOTCORR_SUM,40.75,-88.75,1363.18,1371.09,1835.16,2676.27,3353.91,3295.9,2892.48,2678.91,2320.31,2415.23,1953.81,1584.67,27740.92
PRECTOTCORR_SUM,40.75,-89.25,1333.65,1358.44,1824.61,2642.52,3337.03,3234.73,2841.86,2678.91,2318.2,2402.58,1928.5,1576.23,27477.25
PRECTOTCORR_SUM,40.75,-89.75,1266.15,1333.12,1784,2667.3,3419.82,3255.82,2783.32,2663.09,2358.81,2274.43,1868.38,1504.51,27178.77
PRECTOTCORR_SUM,40.75,-90.25,1159.63,1303.59,1733.38,2667.3,3502.09,3341.25,2739.02,2659.92,2387.29,2154.2,1786.11,1404.32,26838.11
PRECTOTCORR_SUM,40.75,-90.75,1014.61,1265.1,1692.77,2620.9,3532.15,3458.32,2754.32,2691.56,2394.14,2100.41,1689.61,1294.63,26508.52
PRECTOTCORR_SUM,40.75,-91.25,833.2,1199.71,1682.23,2568.16,3506.84,3559.57,2897.75,2773.83,2415.23,2106.74,1582.03,1178.61,26303.91
PRECTOTCORR_SUM,40.75,-91.75,786.8,1182.83,1665.35,2599.8,3555.35,3648.16,2925.18,2887.73,2436.33,2129.94,1569.38,1155.41,26542.27
PRECTOTCORR_SUM,41.25,-87.25,1473.93,1411.7,1772.4,2640.41,3110.8,3271.64,3052.79,2906.72,2276.02,2510.16,1992.3,1579.39,27998.26
PRECTOTCORR_SUM,41.25,-87.75,1403.26,1355.8,1756.58,2620.37,3194.12,3300.12,2990.57,2868.75,2278.12,2509.1,1944.84,1528.77,27750.41
PRECTOTCORR_SUM,41.25,-88.25,1306.76,1310.98,1758.16,2581.87,3277.97,3310.14,2906.72,2820.76,2304.49,2454.26,1885.78,1491.33,27409.22
PRECTOTCORR_SUM,41.25,-88.75,1218.16,1302.54,1745.51,2573.44,3290.62,3356.54,2837.11,2755.37,2346.68,2367.77,1814.06,1455.47,27063.28
PRECTOTCORR_SUM,41.25,-89.25,1220.27,1302.54,1732.85,2571.33,3328.59,3312.25,2786.48,2765.92,2342.46,2317.15,1816.17,1449.14,26945.16
PRECTOTCORR_SUM,41.25,-89.75,1149.61,1285.14,1721.78,2607.19,3366.56,3386.6,2780.16,2774.88,2358.81,2193.75,1777.15,1401.68,26803.3
PRECTOTCORR_SUM,41.25,-90.25,1026.21,1228.18,1694.36,2609.3,3384.49,3479.41,2785.43,2788.59,2366.19,2079.84,1694.88,1313.09,26449.98
PRECTOTCORR_SUM,41.25,-90.75,884.36,1133.79,1658.5,2562.36,3372.89,3563.79,2821.82,2838.16,2365.66,2022.89,1593.11,1201.29,26018.61
PRECTOTCORR_SUM,41.25,-91.25,772.56,1028.32,1647.95,2507.52,3332.81,3686.13,2961.04,2979.49,2388.87,2035.55,1521.39,1102.15,25963.77
PRECTOTCORR_SUM,41.25,-91.75,736.7,990.35,1584.67,2539.16,3389.77,3740.98,3003.22,3065.98,2405.74,2035.55,1485.53,1057.85,26035.49
PRECTOTCORR_SUM,41.75,-87.25,1379,1380.59,1657.97,2615.1,3080.21,3055.96,2820.76,2992.15,2354.06,2647.79,1979.65,1524.02,27487.27
PRECTOTCORR_SUM,41.75,-87.75,1309.39,1342.62,1689.61,2644.63,3192.01,3177.25,2853.46,2996.37,2347.73,2543.38,1902.66,1469.18,27468.28
PRECTOTCORR_SUM,41.75,-88.25,1244.53,1295.68,1700.68,2641.99,3277.44,3323.85,2865.59,2947.85,2386.76,2428.95,1828.3,1422.25,27363.87
PRECTOTCORR_SUM,41.75,-88.75,1149.61,1247.17,1669.04,2599.8,3277.44,3498.93,2831.84,2874.02,2378.32,2325.59,1727.05,1373.73,26952.54
PRECTOTCORR_SUM,41.75,-89.25,1147.5,1230.29,1675.37,2604.02,3330.18,3511.58,2798.09,2899.34,2393.09,2239.1,1735.49,1352.64,26916.68
PRECTOTCORR_SUM,41.75,-89.75,1059.96,1189.69,1673.79,2586.09,3280.08,3608.09,2852.93,2905.66,2390.45,2127.3,1696.46,1322.05,26692.56
PRECTOTCORR_SUM,41.75,-90.25,930.23,1112.7,1650.59,2572.38,3216.8,3715.66,2932.03,2952.07,2391.5,2040.82,1638.46,1257.71,26410.96
PRECTOTCORR_SUM,41.75,-90.75,802.62,1003.54,1605.23,2568.16,3194.65,3803.2,3008.5,3054.37,2403.11,2013.4,1576.76,1162.27,26195.8
PRECTOTCORR_SUM,41.75,-91.25,722.46,883.3,1550.39,2557.62,3232.62,3881.25,3092.87,3185.16,2417.87,2061.91,1513.48,1065.23,26164.16
PRECTOTCORR_SUM,41.75,-91.75,735.12,834.79,1503.98,2582.93,3228.4,3872.81,3139.28,3221.02,2417.87,2034.49,1477.62,1050.47,26098.77
PRECTOTCORR_SUM,42.25,-87.25,1333.12,1351.58,1593.11,2633.03,3013.77,2959.98,2562.36,2877.71,2421.04,2650.43,1956.97,1477.62,26830.72
PRECTOTCORR_SUM,42.25,-87.75,1231.88,1295.68,1626.86,2664.67,3150.88,3205.72,2683.65,2956.82,2428.42,2453.2,1815.64,1417.5,26930.92
PRECTOTCORR_SUM,42.25,-88.25,1175.45,1230.29,1621.58,2668.36,3219.96,3457.27,2809.16,2988.46,2462.17,2327.17,1745.51,1376.37,27081.74
PRECTOTCORR_SUM,42.25,-88.75,1120.61,1183.89,1600.49,2657.81,3211.52,3628.12,2823.93,2950.49,2438.96,2259.67,1692.77,1376.37,26944.63
PRECTOTCORR_SUM,42.25,-89.25,1082.64,1139.59,1625.8,2636.72,3222.07,3733.59,2845.02,3003.22,2468.5,2179.51,1675.9,1321.52,26934.08
PRECTOTCORR_SUM,42.25,-89.75,986.13,1076.31,1611.56,2609.3,3147.19,3818.5,2946.8,2987.93,2472.71,2105.68,1659.02,1269.84,26690.98
PRECTOTCORR_SUM,42.25,-90.25,877.5,998.26,1574.65,2612.46,3100.78,3901.82,3073.36,3022.73,2475.88,2050.84,1631.6,1209.73,26529.61
PRECTOTCORR_SUM,42.25,-90.75,781.52,908.61,1523.5,2644.63,3128.73,3984.08,3186.21,3130.31,2483.26,2040.29,1587.83,1134.84,26533.83
PRECTOTCORR_SUM,42.25,-91.25,701.37,809.47,1458.11,2665.72,3208.89,4047.36,3264.26,3237.89,2481.15,2112.01,1526.66,1044.14,26557.03
PRECTOTCORR_SUM,42.25,-91.75,739.34,792.6,1447.56,2674.16,3164.59,4017.83,3279.02,3248.44,2460.06,2076.15,1501.35,1065.23,26466.33
